{
  "timestamp": "2026-01-26_00-12-59",
  "marker_id": 0,
  "camera": {
    "width": 640,
    "height": 480,
    "fx": 342.75552161810754,
    "fy": 342.75552161810754,
    "cx": 320.0,
    "cy": 240.0,
    "fovy": 70.0
  },
  "desired_features": {
    "corners": [
      [
        295.0,
        315.0
      ],
      [
        342.0,
        320.0
      ],
      [
        340.0,
        352.0
      ],
      [
        297.0,
        347.0
      ]
    ],
    "center": [
      318.5,
      333.5
    ],
    "offset_x": -1.5,
    "offset_y": 93.5,
    "marker_size_px": 38.669952392578125
  },
  "robot_state": {
    "joint_positions": [
      -0.15294902556709275,
      0.16775851144270007,
      0.08734280836295108,
      1.1461596313191924,
      3.7566772217639813e-07
    ],
    "joint_names": [
      "shoulder_pan",
      "shoulder_lift",
      "elbow_flex",
      "wrist_flex",
      "wrist_roll"
    ],
    "gripper_position": [
      0.2552650354390237,
      0.03318336240919056,
      0.13368118033909612
    ],
    "gripper_height": 0.13368118033909612
  }
}