{
  "timestamp": "2026-01-23_00-00-41",
  "marker_id": 0,
  "camera": {
    "width": 640,
    "height": 480,
    "fx": 342.75552161810754,
    "fy": 342.75552161810754,
    "cx": 320.0,
    "cy": 240.0,
    "fovy": 70.0
  },
  "desired_features": {
    "corners": [
      [
        298.0,
        352.0
      ],
      [
        354.0,
        339.0
      ],
      [
        359.0,
        375.0
      ],
      [
        307.0,
        388.0
      ]
    ],
    "center": [
      329.5,
      363.5
    ],
    "offset_x": 9.5,
    "offset_y": 123.5,
    "marker_size_px": 46.1357536315918
  },
  "robot_state": {
    "joint_positions": [
      -0.0011555210268736663,
      0.20092298918584037,
      0.18645496681941182,
      1.3279286100258934,
      0.0002134380722141342
    ],
    "joint_names": [
      "shoulder_pan",
      "shoulder_lift",
      "elbow_flex",
      "wrist_flex",
      "wrist_roll"
    ],
    "gripper_position": [
      0.23720706481856682,
      5.143345294064683e-05,
      0.11470881488439914
    ],
    "gripper_height": 0.11470881488439914
  }
}