{
  "timestamp": "2026-01-25_22-14-14",
  "marker_id": 0,
  "camera": {
    "width": 640,
    "height": 480,
    "fx": 342.75552161810754,
    "fy": 342.75552161810754,
    "cx": 320.0,
    "cy": 240.0,
    "fovy": 70.0
  },
  "desired_features": {
    "corners": [
      [
        308.0,
        334.0
      ],
      [
        362.0,
        326.0
      ],
      [
        366.0,
        363.0
      ],
      [
        316.0,
        370.0
      ]
    ],
    "center": [
      338.0,
      348.25
    ],
    "offset_x": 18.0,
    "offset_y": 108.25,
    "marker_size_px": 44.79269027709961
  },
  "robot_state": {
    "joint_positions": [
      -0.0009317734468461022,
      0.18869451029497483,
      0.1414053504286783,
      1.3418885892238845,
      9.621998165600564e-05
    ],
    "joint_names": [
      "shoulder_pan",
      "shoulder_lift",
      "elbow_flex",
      "wrist_flex",
      "wrist_roll"
    ],
    "gripper_position": [
      0.2409830683595259,
      1.0550806437040205e-05,
      0.12232543673623439
    ],
    "gripper_height": 0.12232543673623439
  }
}