{
  "timestamp": "2026-01-22_14-26-04",
  "marker_id": 0,
  "camera": {
    "width": 640,
    "height": 480,
    "fx": 342.75552161810754,
    "fy": 342.75552161810754,
    "cx": 320.0,
    "cy": 240.0,
    "fovy": 70.0
  },
  "desired_features": {
    "corners": [
      [
        275.0,
        339.0
      ],
      [
        329.0,
        328.0
      ],
      [
        335.0,
        364.0
      ],
      [
        285.0,
        374.0
      ]
    ],
    "center": [
      306.0,
      351.25
    ],
    "offset_x": -14.0,
    "offset_y": 111.25,
    "marker_size_px": 44.74907684326172
  },
  "robot_state": {
    "joint_positions": [
      -5.173533696897899e-07,
      0.13077002479602978,
      0.2203900861461393,
      1.3259238365422892,
      9.239726994913919e-07
    ],
    "joint_names": [
      "shoulder_pan",
      "shoulder_lift",
      "elbow_flex",
      "wrist_flex",
      "wrist_roll"
    ],
    "gripper_position": [
      0.2336487042241505,
      -0.00017770818054095583,
      0.1222812800485191
    ],
    "gripper_height": 0.1222812800485191
  }
}