{
  "timestamp": "2026-01-28_18-13-41",
  "marker_id": 0,
  "camera": {
    "width": 640,
    "height": 480,
    "fx": 342.75552161810754,
    "fy": 342.75552161810754,
    "cx": 320.0,
    "cy": 240.0,
    "fovy": 70.0
  },
  "desired_features": {
    "corners": [
      [
        303.0,
        348.0
      ],
      [
        359.0,
        338.0
      ],
      [
        363.0,
        375.0
      ],
      [
        311.0,
        384.0
      ]
    ],
    "center": [
      334.0,
      361.25
    ],
    "offset_x": 14.0,
    "offset_y": 121.25,
    "marker_size_px": 45.93817901611328
  },
  "robot_state": {
    "joint_positions": [
      -0.00022104617209665485,
      0.19097110093855715,
      0.19295568597479248,
      1.3056507239687865,
      6.964249398201361e-05
    ],
    "joint_names": [
      "shoulder_pan",
      "shoulder_lift",
      "elbow_flex",
      "wrist_flex",
      "wrist_roll"
    ],
    "gripper_position": [
      0.23787936099413942,
      -0.00013382879304457002,
      0.11543203412792613
    ],
    "gripper_height": 0.11543203412792613
  }
}