{
  "timestamp": "2026-01-25_22-13-34",
  "marker_id": 0,
  "camera": {
    "width": 640,
    "height": 480,
    "fx": 342.75552161810754,
    "fy": 342.75552161810754,
    "cx": 320.0,
    "cy": 240.0,
    "fovy": 70.0
  },
  "desired_features": {
    "corners": [
      [
        304.0,
        327.0
      ],
      [
        356.0,
        316.0
      ],
      [
        360.0,
        352.0
      ],
      [
        312.0,
        362.0
      ]
    ],
    "center": [
      333.0,
      339.25
    ],
    "offset_x": 13.0,
    "offset_y": 99.25,
    "marker_size_px": 43.576377868652344
  },
  "robot_state": {
    "joint_positions": [
      -0.00031327262186253555,
      0.16372325844577537,
      0.13499027544447315,
      1.3944531201767072,
      -3.983830562768386e-06
    ],
    "joint_names": [
      "shoulder_pan",
      "shoulder_lift",
      "elbow_flex",
      "wrist_flex",
      "wrist_roll"
    ],
    "gripper_position": [
      0.2382064044406842,
      -0.00011534610678039237,
      0.12772765428239158
    ],
    "gripper_height": 0.12772765428239158
  }
}