{
  "timestamp": "2026-01-22_14-26-03",
  "marker_id": 0,
  "camera": {
    "width": 640,
    "height": 480,
    "fx": 342.75552161810754,
    "fy": 342.75552161810754,
    "cx": 320.0,
    "cy": 240.0,
    "fovy": 70.0
  },
  "desired_features": {
    "corners": [
      [
        275.0,
        339.0
      ],
      [
        329.0,
        328.0
      ],
      [
        335.0,
        364.0
      ],
      [
        285.0,
        374.0
      ]
    ],
    "center": [
      306.0,
      351.25
    ],
    "offset_x": -14.0,
    "offset_y": 111.25,
    "marker_size_px": 44.74907684326172
  },
  "robot_state": {
    "joint_positions": [
      -5.26317566901881e-07,
      0.13078370465770986,
      0.220390241579916,
      1.3259208124383934,
      9.285309168433019e-07
    ],
    "joint_names": [
      "shoulder_pan",
      "shoulder_lift",
      "elbow_flex",
      "wrist_flex",
      "wrist_roll"
    ],
    "gripper_position": [
      0.2336489497885527,
      -0.00017770643391593413,
      0.12227899211491858
    ],
    "gripper_height": 0.12227899211491858
  }
}