{
  "timestamp": "2026-01-23_00-00-46",
  "marker_id": 0,
  "camera": {
    "width": 640,
    "height": 480,
    "fx": 342.75552161810754,
    "fy": 342.75552161810754,
    "cx": 320.0,
    "cy": 240.0,
    "fovy": 70.0
  },
  "desired_features": {
    "corners": [
      [
        298.0,
        352.0
      ],
      [
        354.0,
        339.0
      ],
      [
        359.0,
        375.0
      ],
      [
        307.0,
        388.0
      ]
    ],
    "center": [
      329.5,
      363.5
    ],
    "offset_x": 9.5,
    "offset_y": 123.5,
    "marker_size_px": 46.1357536315918
  },
  "robot_state": {
    "joint_positions": [
      -0.0010993353702228074,
      0.2009212178967087,
      0.18643625100306738,
      1.3277768999933184,
      0.00019779724119198212
    ],
    "joint_names": [
      "shoulder_pan",
      "shoulder_lift",
      "elbow_flex",
      "wrist_flex",
      "wrist_roll"
    ],
    "gripper_position": [
      0.23721824071313757,
      4.029913092452528e-05,
      0.11470998830926252
    ],
    "gripper_height": 0.11470998830926252
  }
}